{
    "value0": {
        "T_imu_cam": [
            {
                "px": 0.17541217,
                "py": 0.00368943,
                "pz": -0.05810613,
                "qx": -0.00720168,
                "qy": 0.70862317,
                "qz": -0.70554647,
                "qw": -0.00235023
            },
            {
                "px": -0.12432919,
                "py": 0.00234719,
                "pz": -0.05662052,
                "qx": 0.00097406,
                "qy": 0.70899921,
                "qz": -0.70520746,
                "qw": -0.00127073
            }
        ],
        "intrinsics": [
            {
                "camera_type": "kb4",
                "intrinsics": {
                    "fx": 527.9990706330082,
                    "fy": 527.963495807245,
                    "cx": 399.18451401412665,
                    "cy": 172.8193108347693,
                    "k1": -0.0355976,
                    "k2": -0.00509372,
                    "k3": 0.01971628,
                    "k4": -0.0158328
                }
            },
            {
                "camera_type": "kb4",
                "intrinsics": {
                    "fx": 529.2496538273606,
                    "fy": 529.4013679656194,
                    "cx": 412.4733148308946,
                    "cy": 172.1405434152354,
                    "k1": -0.03696482,
                    "k2": 0.01024009,
                    "k3": -0.01632903,
                    "k4": 0.00959772
                }
            }
        ],
        "resolution": [
            [
                800,
                400
            ],
            [
                800,
                400
            ]
        ],
        "calib_accel_bias": [
            0.0,
            0.0,
            0.0,
            0.0,
            0.0,
            0.0,
            0.0,
            0.0,
            0.0
        ],
        "calib_gyro_bias": [
            0.0,
            0.0,
            0.0,
            0.0,
            0.0,
            0.0,
            0.0,
            0.0,
            0.0,
            0.0,
            0.0,
            0.0
        ],
        "imu_update_rate": 2000.0,
        "accel_noise_std": [0.006, 0.006, 0.006],
        "gyro_noise_std": [0.0014, 0.0014, 0.0014],
        "accel_bias_std": [0.001, 0.001, 0.001],
        "gyro_bias_std": [0.0001, 0.0001, 0.0001],
        "mocap_time_offset_ns": 0,
        "mocap_to_imu_offset_ns": 0,
        "cam_time_offset_ns": 0,
        "vignette": [
            {
                "value0": 0,
                "value1": 50000000000,
                "value2": [
                    [
                        1.0
                    ],
                    [
                        1.0
                    ],
                    [
                        1.0
                    ],
                    [
                        1.0
                    ],
                    [
                        1.0
                    ],
                    [
                        1.0
                    ],
                    [
                        1.0
                    ],
                    [
                        1.0
                    ],
                    [
                        1.0
                    ],
                    [
                        1.0
                    ],
                    [
                        1.0
                    ],
                    [
                        1.0
                    ],
                    [
                        1.0
                    ],
                    [
                        1.0
                    ],
                    [
                        1.0
                    ]
                ]
            },
            {
                "value0": 0,
                "value1": 50000000000,
                "value2": [
                    [
                        1.0
                    ],
                    [
                        1.0
                    ],
                    [
                        1.0
                    ],
                    [
                        1.0
                    ],
                    [
                        1.0
                    ],
                    [
                        1.0
                    ],
                    [
                        1.0
                    ],
                    [
                        1.0
                    ],
                    [
                        1.0
                    ],
                    [
                        1.0
                    ],
                    [
                        1.0
                    ],
                    [
                        1.0
                    ],
                    [
                        1.0
                    ],
                    [
                        1.0
                    ],
                    [
                        1.0
                    ]
                ]
            }
        ]
    }
}
